{
    "preprocessing":{
        "target": "",
        "targ_categorial": "True/False",
        "unique_category_threshold": "",
        "missing_values": ["impute", "drop"],
        "impute_strategy": ["mean", "mode", "median"],
        "scaling": ["min-max", "avgstd", "entreMax"],
        "outliers": ["round", "drop"],
        "round_strategy": ["quantile", "std"],
        "text_process": ["BOW", "one_hot", "tf-idf"],
        "sampling": ["undersampling", "oversampling", "none"],
        "drop_features": [],
        "porcentaje": ""
    },


    "metrics":{
        "evaluation": ["accuracy", "precision", "recall",  "f1", "specifitivity", "precision_micro", "recall_micro",  "f1_micro", "precision_macro", "recall_macro", "f1_macro", "f1_weighted", "precision_weighted", "recall_weighted"],
        "best_model":"",
        "num_modelos": ""
    },

    "train":{
        "train_size": "Valor sobre toda la muestra 'Por ejemplo 0,7'",
        "test_size": "Valor sobre el resultado de la anterior división 'De normal 0.5'"
    },

    "test":{
        "model_to_test": ""
    },

    "kNN":{
        "k": "",
        "K": "",
        "p": []
    },

    "DT":{
        "min_depth": "",
        "max_depth": "",
        "intervalo_sample_per_leaf": ["", ""]
    },

    "RF":{
       
        "min_depth": "",
        "max_depth": "",
        "intervalo_sample_per_leaf": ["", ""],
        "n_estimators_min": "",
        "n_estimators_max": "",
        "max_features": ["", "none"]
    }
}

